{
  "version": 1,
  "author": "ProCoding Whitehat JR",
  "editor": "wokwi",
  "parts": [
    { "type": "board-esp32-devkit-c-v4", "id": "esp", "top": -403.2, "left": 264.04, "attrs": {} },
    {
      "type": "wokwi-lcd1602",
      "id": "lcd1",
      "top": -406.4,
      "left": 437.6,
      "attrs": { "pins": "i2c", "i2cAddress": "0x27" }
    }
  ],
  "connections": [
    [ "esp:TX", "$serialMonitor:RX", "", [] ],
    [ "esp:RX", "$serialMonitor:TX", "", [] ],
    [ "lcd1:GND", "esp:GND.2", "black", [ "h0" ] ],
    [ "lcd1:VCC", "esp:3V3", "red", [ "h-28.8", "v-38.3", "h-172.8", "v28.8" ] ],
    [ "lcd1:SDA", "esp:21", "green", [ "h-48", "v29" ] ],
    [ "lcd1:SCL", "esp:22", "blue", [ "h-28.8", "v0.3", "h-28.8", "v-9.6" ] ]
  ],
  "dependencies": {}
}